# wavelength_nm	counts_u16	rel_intensity
1.000000	1071	0.0163424125
2.000000	1087	0.0165865568
3.000000	1230	0.0187685969
4.000000	1207	0.0184176394
5.000000	1074	0.0163881895
6.000000	1363	0.0207980468
7.000000	1270	0.0193789578
8.000000	1279	0.0195162890
9.000000	1374	0.0209658961
10.000000	1356	0.0206912337
11.000000	1592	0.0242923629
12.000000	1366	0.0208438239
13.000000	1699	0.0259250782
14.000000	1190	0.0181582361
15.000000	1297	0.0197909514
16.000000	1225	0.0186923018
17.000000	1409	0.0214999619
18.000000	1145	0.0174715801
19.000000	1233	0.0188143740
20.000000	1200	0.0183108263
21.000000	1133	0.0172884718
22.000000	1330	0.0202944991
23.000000	1296	0.0197756924
24.000000	1372	0.0209353780
25.000000	1266	0.0193179217
26.000000	1487	0.0226901656
27.000000	1099	0.0167696651
28.000000	1335	0.0203707942
29.000000	1369	0.0208896010
30.000000	1278	0.0195010300
31.000000	1077	0.0164339666
32.000000	1265	0.0193026627
33.000000	1540	0.0234988937
34.000000	1154	0.0176089113
35.000000	1228	0.0187380789
36.000000	1266	0.0193179217
37.000000	1163	0.0177462425
38.000000	1306	0.0199282826
39.000000	1384	0.0211184863
40.000000	1382	0.0210879683
41.000000	1215	0.0185397116
42.000000	1429	0.0218051423
43.000000	1257	0.0191805905
44.000000	1203	0.0183566033
45.000000	1296	0.0197756924
46.000000	1217	0.0185702296
47.000000	1369	0.0208896010
48.000000	1354	0.0206607156
49.000000	1400	0.0213626307
50.000000	1339	0.0204318303
51.000000	1185	0.0180819409
52.000000	1067	0.0162813764
53.000000	928	0.0141603723
54.000000	1274	0.0194399939
55.000000	1282	0.0195620661
56.000000	1392	0.0212405585
57.000000	1187	0.0181124590
58.000000	1184	0.0180666819
59.000000	1263	0.0192721447
60.000000	1314	0.0200503548
61.000000	1144	0.0174563210
62.000000	1295	0.0197604334
63.000000	1206	0.0184023804
64.000000	960	0.0146486610
65.000000	1350	0.0205996796
66.000000	1140	0.0173952850
67.000000	1316	0.0200808728
68.000000	1173	0.0178988327
69.000000	1277	0.0194857710
70.000000	1079	0.0164644846
71.000000	1027	0.0156710155
72.000000	1407	0.0214694438
73.000000	1162	0.0177309834
74.000000	1526	0.0232852674
75.000000	1103	0.0168307012
76.000000	1404	0.0214236667
77.000000	1086	0.0165712978
78.000000	1311	0.0200045777
79.000000	1213	0.0185091936
80.000000	1215	0.0185397116
81.000000	1314	0.0200503548
82.000000	877	0.0133821622
83.000000	1212	0.0184939345
84.000000	1213	0.0185091936
85.000000	1329	0.0202792401
86.000000	1298	0.0198062104
87.000000	1410	0.0215152209
88.000000	1341	0.0204623484
89.000000	1201	0.0183260853
90.000000	1247	0.0190280003
91.000000	1359	0.0207370108
92.000000	1465	0.0223544671
93.000000	1258	0.0191958495
94.000000	1505	0.0229648280
95.000000	1237	0.0188754101
96.000000	959	0.0146334020
97.000000	1344	0.0205081254
98.000000	1188	0.0181277180
99.000000	1346	0.0205386435
100.000000	1248	0.0190432593
101.000000	1484	0.0226443885
102.000000	1193	0.0182040131
103.000000	1362	0.0207827878
104.000000	1455	0.0222018769
105.000000	1382	0.0210879683
106.000000	1310	0.0199893187
107.000000	1248	0.0190432593
108.000000	1410	0.0215152209
109.000000	1187	0.0181124590
110.000000	1234	0.0188296330
111.000000	1254	0.0191348135
112.000000	1425	0.0217441062
113.000000	1112	0.0169680323
114.000000	1315	0.0200656138
115.000000	1507	0.0229953460
116.000000	1481	0.0225986114
117.000000	1413	0.0215609979
118.000000	1155	0.0176241703
119.000000	1240	0.0189211872
120.000000	1157	0.0176546883
121.000000	1406	0.0214541848
122.000000	1189	0.0181429770
123.000000	1206	0.0184023804
124.000000	1535	0.0234225986
125.000000	1204	0.0183718624
126.000000	1372	0.0209353780
127.000000	1205	0.0183871214
128.000000	1361	0.0207675288
129.000000	1332	0.0203250172
130.000000	1254	0.0191348135
131.000000	1111	0.0169527733
132.000000	1042	0.0158999008
133.000000	1327	0.0202487221
134.000000	1151	0.0175631342
135.000000	1645	0.0251010910
136.000000	1308	0.0199588006
137.000000	1118	0.0170595865
138.000000	1291	0.0196993973
139.000000	1370	0.0209048600
140.000000	1305	0.0199130236
141.000000	1381	0.0210727092
142.000000	1306	0.0199282826
143.000000	1326	0.0202334630
144.000000	1337	0.0204013123
145.000000	1243	0.0189669642
146.000000	1149	0.0175326162
147.000000	1363	0.0207980468
148.000000	1124	0.0171511406
149.000000	1438	0.0219424735
150.000000	1196	0.0182497902
151.000000	1573	0.0240024414
152.000000	1486	0.0226749065
153.000000	1408	0.0214847028
154.000000	1142	0.0174258030
155.000000	991	0.0151216907
156.000000	1225	0.0186923018
157.000000	1226	0.0187075608
158.000000	1608	0.0245365072
159.000000	1361	0.0207675288
160.000000	1296	0.0197756924
161.000000	1370	0.0209048600
162.000000	1334	0.0203555352
163.000000	1442	0.0220035096
164.000000	1217	0.0185702296
165.000000	1372	0.0209353780
166.000000	1348	0.0205691615
167.000000	1555	0.0237277790
168.000000	1185	0.0180819409
169.000000	988	0.0150759136
170.000000	1317	0.0200961318
171.000000	1272	0.0194094759
172.000000	1287	0.0196383612
173.000000	1010	0.0154116121
174.000000	1396	0.0213015946
175.000000	1106	0.0168764782
176.000000	1430	0.0218204013
177.000000	1313	0.0200350958
178.000000	1272	0.0194094759
179.000000	1609	0.0245517662
180.000000	1392	0.0212405585
181.000000	1262	0.0192568856
182.000000	1183	0.0180514229
183.000000	1302	0.0198672465
184.000000	1220	0.0186160067
185.000000	1346	0.0205386435
186.000000	1246	0.0190127413
187.000000	1574	0.0240177005
188.000000	1504	0.0229495689
189.000000	1478	0.0225528344
190.000000	1381	0.0210727092
191.000000	1187	0.0181124590
192.000000	1455	0.0222018769
193.000000	1375	0.0209811551
194.000000	1148	0.0175173571
195.000000	1374	0.0209658961
196.000000	1343	0.0204928664
197.000000	1329	0.0202792401
198.000000	1385	0.0211337453
199.000000	1483	0.0226291295
200.000000	1239	0.0189059281
201.000000	1252	0.0191042954
202.000000	1173	0.0178988327
203.000000	1224	0.0186770428
204.000000	1335	0.0203707942
205.000000	1218	0.0185854887
206.000000	1222	0.0186465248
207.000000	1217	0.0185702296
208.000000	1433	0.0218661784
209.000000	1269	0.0193636988
210.000000	1313	0.0200350958
211.000000	1428	0.0217898833
212.000000	1359	0.0207370108
213.000000	1379	0.0210421912
214.000000	1280	0.0195315480
215.000000	1417	0.0216220340
216.000000	1364	0.0208133059
217.000000	1257	0.0191805905
218.000000	1245	0.0189974823
219.000000	1379	0.0210421912
220.000000	1337	0.0204013123
221.000000	1454	0.0221866178
222.000000	1329	0.0202792401
223.000000	999	0.0152437629
224.000000	1266	0.0193179217
225.000000	1237	0.0188754101
226.000000	1364	0.0208133059
227.000000	1211	0.0184786755
228.000000	1191	0.0181734951
229.000000	1296	0.0197756924
230.000000	1516	0.0231326772
231.000000	1470	0.0224307622
232.000000	1155	0.0176241703
233.000000	1382	0.0210879683
234.000000	1226	0.0187075608
235.000000	1427	0.0217746242
236.000000	1182	0.0180361639
237.000000	1381	0.0210727092
238.000000	1368	0.0208743420
239.000000	1261	0.0192416266
240.000000	1488	0.0227054246
241.000000	1205	0.0183871214
242.000000	1237	0.0188754101
243.000000	1368	0.0208743420
244.000000	1510	0.0230411231
245.000000	1277	0.0194857710
246.000000	1155	0.0176241703
247.000000	1268	0.0193484398
248.000000	1184	0.0180666819
249.000000	1241	0.0189364462
250.000000	1103	0.0168307012
251.000000	1430	0.0218204013
252.000000	1301	0.0198519875
253.000000	1496	0.0228274968
254.000000	1451	0.0221408408
255.000000	986	0.0150453956
256.000000	1487	0.0226901656
257.000000	1126	0.0171816587
258.000000	1301	0.0198519875
259.000000	1307	0.0199435416
260.000000	1324	0.0202029450
261.000000	1305	0.0199130236
262.000000	1154	0.0176089113
263.000000	1243	0.0189669642
264.000000	1304	0.0198977646
265.000000	1636	0.0249637598
266.000000	1366	0.0208438239
267.000000	1382	0.0210879683
268.000000	1202	0.0183413443
269.000000	1257	0.0191805905
270.000000	1257	0.0191805905
271.000000	1349	0.0205844205
272.000000	1308	0.0199588006
273.000000	1255	0.0191500725
274.000000	1347	0.0205539025
275.000000	1054	0.0160830091
276.000000	1282	0.0195620661
277.000000	1218	0.0185854887
278.000000	1261	0.0192416266
279.000000	1135	0.0173189899
280.000000	1114	0.0169985504
281.000000	1445	0.0220492866
282.000000	1103	0.0168307012
283.000000	1487	0.0226901656
284.000000	1385	0.0211337453
285.000000	1449	0.0221103227
286.000000	1288	0.0196536202
287.000000	1554	0.0237125200
288.000000	1410	0.0215152209
289.000000	1532	0.0233768215
290.000000	1526	0.0232852674
291.000000	1236	0.0188601511
292.000000	1405	0.0214389258
293.000000	1566	0.0238956283
294.000000	1382	0.0210879683
295.000000	1403	0.0214084077
296.000000	1354	0.0206607156
297.000000	1217	0.0185702296
298.000000	1456	0.0222171359
299.000000	1516	0.0231326772
300.000000	1397	0.0213168536
301.000000	1169	0.0178377966
302.000000	1207	0.0184176394
303.000000	1226	0.0187075608
304.000000	1276	0.0194705119
305.000000	1448	0.0220950637
306.000000	1475	0.0225070573
307.000000	1353	0.0206454566
308.000000	1396	0.0213015946
309.000000	1195	0.0182345312
310.000000	1400	0.0213626307
311.000000	1243	0.0189669642
312.000000	1428	0.0217898833
313.000000	1380	0.0210574502
314.000000	1232	0.0187991150
315.000000	1468	0.0224002441
316.000000	1553	0.0236972610
317.000000	1424	0.0217288472
318.000000	1228	0.0187380789
319.000000	1299	0.0198214694
320.000000	1113	0.0169832914
321.000000	1321	0.0201571679
322.000000	1308	0.0199588006
323.000000	1317	0.0200961318
324.000000	1449	0.0221103227
325.000000	1214	0.0185244526
326.000000	1513	0.0230869001
327.000000	1427	0.0217746242
328.000000	1376	0.0209964141
329.000000	1261	0.0192416266
330.000000	1250	0.0190737774
331.000000	1421	0.0216830701
332.000000	1192	0.0181887541
333.000000	1470	0.0224307622
334.000000	1349	0.0205844205
335.000000	1494	0.0227969787
336.000000	1305	0.0199130236
337.000000	1396	0.0213015946
338.000000	1483	0.0226291295
339.000000	1483	0.0226291295
340.000000	1598	0.0243839170
341.000000	1311	0.0200045777
342.000000	1393	0.0212558175
343.000000	1407	0.0214694438
344.000000	1423	0.0217135882
345.000000	1342	0.0204776074
346.000000	1400	0.0213626307
347.000000	1265	0.0193026627
348.000000	1346	0.0205386435
349.000000	1505	0.0229648280
350.000000	1424	0.0217288472
351.000000	1291	0.0196993973
352.000000	1218	0.0185854887
353.000000	1472	0.0224612802
354.000000	1474	0.0224917983
355.000000	1283	0.0195773251
356.000000	1483	0.0226291295
357.000000	1411	0.0215304799
358.000000	1556	0.0237430381
359.000000	1288	0.0196536202
360.000000	1352	0.0206301976
361.000000	1387	0.0211642634
362.000000	1283	0.0195773251
363.000000	1383	0.0211032273
364.000000	1305	0.0199130236
365.000000	1606	0.0245059892
366.000000	1413	0.0215609979
367.000000	1508	0.0230106050
368.000000	1165	0.0177767605
369.000000	1376	0.0209964141
370.000000	1345	0.0205233845
371.000000	1311	0.0200045777
372.000000	1339	0.0204318303
373.000000	1218	0.0185854887
374.000000	1515	0.0231174182
375.000000	1446	0.0220645457
376.000000	1810	0.0276188296
377.000000	1341	0.0204623484
378.000000	1351	0.0206149386
379.000000	1236	0.0188601511
380.000000	1254	0.0191348135
381.000000	1329	0.0202792401
382.000000	1299	0.0198214694
383.000000	1394	0.0212710765
384.000000	1464	0.0223392081
385.000000	1644	0.0250858320
386.000000	1523	0.0232394903
387.000000	1507	0.0229953460
388.000000	1622	0.0247501335
389.000000	1454	0.0221866178
390.000000	1379	0.0210421912
391.000000	1361	0.0207675288
392.000000	1491	0.0227512016
393.000000	1275	0.0194552529
394.000000	1465	0.0223544671
395.000000	1200	0.0183108263
396.000000	1474	0.0224917983
397.000000	1361	0.0207675288
398.000000	1292	0.0197146563
399.000000	1469	0.0224155032
400.000000	1400	0.0213626307
401.000000	1598	0.0243839170
402.000000	1418	0.0216372930
403.000000	1449	0.0221103227
404.000000	1204	0.0183718624
405.000000	1292	0.0197146563
406.000000	1345	0.0205233845
407.000000	1331	0.0203097581
408.000000	1438	0.0219424735
409.000000	1225	0.0186923018
410.000000	1368	0.0208743420
411.000000	1390	0.0212100404
412.000000	1518	0.0231631952
413.000000	1484	0.0226443885
414.000000	1222	0.0186465248
415.000000	1315	0.0200656138
416.000000	1255	0.0191500725
417.000000	1430	0.0218204013
418.000000	993	0.0151522087
419.000000	1502	0.0229190509
420.000000	1241	0.0189364462
421.000000	1537	0.0234531167
422.000000	1451	0.0221408408
423.000000	1368	0.0208743420
424.000000	1418	0.0216372930
425.000000	1374	0.0209658961
426.000000	1496	0.0228274968
427.000000	1330	0.0202944991
428.000000	1340	0.0204470893
429.000000	1297	0.0197909514
430.000000	1386	0.0211490043
431.000000	1566	0.0238956283
432.000000	1385	0.0211337453
433.000000	1346	0.0205386435
434.000000	1334	0.0203555352
435.000000	1406	0.0214541848
436.000000	1289	0.0196688792
437.000000	1393	0.0212558175
438.000000	1293	0.0197299153
439.000000	1096	0.0167238880
440.000000	1554	0.0237125200
441.000000	1363	0.0207980468
442.000000	1724	0.0263065537
443.000000	1457	0.0222323949
444.000000	1475	0.0225070573
445.000000	1212	0.0184939345
446.000000	1493	0.0227817197
447.000000	1399	0.0213473716
448.000000	1434	0.0218814374
449.000000	1495	0.0228122377
450.000000	1268	0.0193484398
451.000000	1727	0.0263523308
452.000000	1388	0.0211795224
453.000000	1640	0.0250247959
454.000000	1396	0.0213015946
455.000000	1219	0.0186007477
456.000000	1591	0.0242771038
457.000000	1458	0.0222476539
458.000000	1436	0.0219119554
459.000000	1313	0.0200350958
460.000000	1537	0.0234531167
461.000000	1530	0.0233463035
462.000000	1521	0.0232089723
463.000000	1250	0.0190737774
464.000000	1245	0.0189974823
465.000000	1329	0.0202792401
466.000000	1416	0.0216067750
467.000000	1305	0.0199130236
468.000000	1276	0.0194705119
469.000000	1536	0.0234378576
470.000000	1391	0.0212252995
471.000000	1574	0.0240177005
472.000000	1374	0.0209658961
473.000000	1299	0.0198214694
474.000000	1264	0.0192874037
475.000000	1369	0.0208896010
476.000000	1589	0.0242465858
477.000000	1393	0.0212558175
478.000000	1373	0.0209506371
479.000000	1317	0.0200961318
480.000000	1520	0.0231937133
481.000000	1418	0.0216372930
482.000000	1324	0.0202029450
483.000000	1312	0.0200198367
484.000000	1359	0.0207370108
485.000000	1666	0.0254215305
486.000000	1408	0.0214847028
487.000000	1394	0.0212710765
488.000000	1398	0.0213321126
489.000000	1293	0.0197299153
490.000000	1504	0.0229495689
491.000000	1122	0.0171206226
492.000000	1465	0.0223544671
493.000000	1164	0.0177615015
494.000000	1301	0.0198519875
495.000000	1167	0.0178072786
496.000000	1346	0.0205386435
497.000000	1337	0.0204013123
498.000000	1306	0.0199282826
499.000000	1544	0.0235599298
500.000000	1397	0.0213168536
501.000000	1489	0.0227206836
502.000000	1188	0.0181277180
503.000000	1505	0.0229648280
504.000000	1293	0.0197299153
505.000000	1498	0.0228580148
506.000000	1332	0.0203250172
507.000000	1458	0.0222476539
508.000000	1516	0.0231326772
509.000000	1230	0.0187685969
510.000000	1398	0.0213321126
511.000000	1406	0.0214541848
512.000000	1504	0.0229495689
513.000000	1461	0.0222934310
514.000000	1384	0.0211184863
515.000000	1593	0.0243076219
516.000000	1302	0.0198672465
517.000000	1472	0.0224612802
518.000000	1270	0.0193789578
519.000000	1457	0.0222323949
520.000000	1452	0.0221560998
521.000000	1305	0.0199130236
522.000000	1505	0.0229648280
523.000000	1462	0.0223086900
524.000000	1518	0.0231631952
525.000000	1309	0.0199740597
526.000000	1542	0.0235294118
527.000000	1416	0.0216067750
528.000000	1488	0.0227054246
529.000000	1433	0.0218661784
530.000000	1381	0.0210727092
531.000000	1344	0.0205081254
532.000000	1277	0.0194857710
533.000000	1555	0.0237277790
534.000000	1296	0.0197756924
535.000000	1503	0.0229343099
536.000000	1470	0.0224307622
537.000000	1272	0.0194094759
538.000000	1516	0.0231326772
539.000000	1496	0.0228274968
540.000000	1382	0.0210879683
541.000000	1205	0.0183871214
542.000000	1465	0.0223544671
543.000000	1418	0.0216372930
544.000000	1396	0.0213015946
545.000000	1361	0.0207675288
546.000000	1422	0.0216983291
547.000000	1535	0.0234225986
548.000000	1364	0.0208133059
549.000000	1535	0.0234225986
550.000000	1441	0.0219882506
551.000000	1714	0.0261539635
552.000000	1424	0.0217288472
553.000000	1503	0.0229343099
554.000000	1283	0.0195773251
555.000000	1445	0.0220492866
556.000000	1266	0.0193179217
557.000000	1408	0.0214847028
558.000000	1634	0.0249332418
559.000000	1472	0.0224612802
560.000000	1556	0.0237430381
561.000000	1579	0.0240939956
562.000000	1717	0.0261997406
563.000000	1499	0.0228732738
564.000000	1583	0.0241550317
565.000000	1690	0.0257877470
566.000000	1593	0.0243076219
567.000000	1644	0.0250858320
568.000000	1484	0.0226443885
569.000000	1518	0.0231631952
570.000000	1911	0.0291599908
571.000000	1594	0.0243228809
572.000000	1713	0.0261387045
573.000000	1655	0.0252536812
574.000000	1895	0.0289158465
575.000000	1687	0.0257419699
576.000000	1997	0.0304722667
577.000000	1772	0.0270389868
578.000000	2113	0.0322423133
579.000000	2128	0.0324711986
580.000000	2372	0.0361943999
581.000000	2233	0.0340733959
582.000000	2186	0.0333562219
583.000000	2431	0.0370946822
584.000000	2873	0.0438391699
585.000000	3321	0.0506752117
586.000000	4080	0.0622568093
587.000000	3059	0.0466773480
588.000000	2139	0.0326390478
589.000000	2053	0.0313267720
590.000000	1582	0.0241397726
591.000000	1376	0.0209964141
592.000000	1649	0.0251621271
593.000000	1500	0.0228885328
594.000000	1776	0.0271000229
595.000000	1645	0.0251010910
596.000000	1530	0.0233463035
597.000000	1628	0.0248416876
598.000000	1328	0.0202639811
599.000000	1576	0.0240482185
600.000000	1548	0.0236209659
601.000000	1654	0.0252384222
602.000000	1547	0.0236057069
603.000000	1744	0.0266117342
604.000000	1609	0.0245517662
605.000000	1502	0.0229190509
606.000000	1564	0.0238651102
607.000000	1616	0.0246585794
608.000000	1702	0.0259708553
609.000000	1536	0.0234378576
610.000000	1746	0.0266422522
611.000000	1733	0.0264438849
612.000000	1926	0.0293888762
613.000000	1847	0.0281834134
614.000000	1862	0.0284122988
615.000000	1860	0.0283817807
616.000000	1827	0.0278782330
617.000000	1899	0.0289768826
618.000000	1882	0.0287174792
619.000000	1908	0.0291142138
620.000000	2055	0.0313572900
621.000000	2226	0.0339665827
622.000000	1957	0.0298619059
623.000000	2164	0.0330205234
624.000000	2348	0.0358281834
625.000000	1868	0.0285038529
626.000000	2087	0.0318455787
627.000000	2046	0.0312199588
628.000000	2411	0.0367895018
629.000000	2306	0.0351873045
630.000000	2259	0.0344701305
631.000000	2245	0.0342565042
632.000000	2240	0.0341802090
633.000000	2132	0.0325322347
634.000000	2073	0.0316319524
635.000000	1760	0.0268558785
636.000000	1475	0.0225070573
637.000000	1377	0.0210116732
638.000000	1601	0.0244296941
639.000000	1446	0.0220645457
640.000000	1688	0.0257572290
641.000000	1563	0.0238498512
642.000000	1857	0.0283360037
643.000000	1757	0.0268101015
644.000000	1946	0.0296940566
645.000000	1644	0.0250858320
646.000000	1662	0.0253604944
647.000000	1964	0.0299687190
648.000000	1656	0.0252689403
649.000000	1740	0.0265506981
650.000000	1729	0.0263828489
651.000000	1878	0.0286564431
652.000000	1743	0.0265964752
653.000000	2079	0.0317235065
654.000000	2090	0.0318913558
655.000000	2080	0.0317387655
656.000000	2159	0.0329442283
657.000000	2640	0.0402838178
658.000000	3651	0.0557106889
659.000000	5536	0.0844739452
660.000000	2386	0.0364080262
661.000000	1563	0.0238498512
662.000000	1655	0.0252536812
663.000000	1680	0.0256351568
664.000000	1483	0.0226291295
665.000000	1790	0.0273136492
666.000000	1581	0.0241245136
667.000000	1772	0.0270389868
668.000000	1554	0.0237125200
669.000000	1564	0.0238651102
670.000000	1625	0.0247959106
671.000000	1658	0.0252994583
672.000000	1628	0.0248416876
673.000000	1446	0.0220645457
674.000000	1672	0.0255130846
675.000000	1538	0.0234683757
676.000000	1696	0.0258793011
677.000000	1410	0.0215152209
678.000000	1703	0.0259861143
679.000000	1643	0.0250705730
680.000000	1942	0.0296330205
681.000000	1778	0.0271305409
682.000000	1576	0.0240482185
683.000000	1815	0.0276951247
684.000000	1729	0.0263828489
685.000000	1745	0.0266269932
686.000000	1616	0.0246585794
687.000000	1627	0.0248264286
688.000000	1639	0.0250095369
689.000000	2024	0.0308842603
690.000000	2494	0.0380560006
691.000000	1983	0.0302586404
692.000000	1404	0.0214236667
693.000000	1423	0.0217135882
694.000000	1540	0.0234988937
695.000000	1384	0.0211184863
696.000000	1392	0.0212405585
697.000000	1376	0.0209964141
698.000000	1366	0.0208438239
699.000000	1514	0.0231021592
700.000000	1314	0.0200503548
701.000000	1466	0.0223697261
702.000000	1125	0.0171663996
703.000000	1514	0.0231021592
704.000000	1469	0.0224155032
705.000000	1549	0.0236362249
706.000000	1572	0.0239871824
707.000000	1569	0.0239414054
708.000000	1869	0.0285191119
709.000000	1470	0.0224307622
710.000000	1638	0.0249942779
711.000000	1660	0.0253299763
712.000000	1879	0.0286717021
713.000000	1537	0.0234531167
714.000000	1640	0.0250247959
715.000000	1646	0.0251163500
716.000000	1725	0.0263218128
717.000000	2250	0.0343327993
718.000000	2472	0.0377203021
719.000000	2048	0.0312504768
720.000000	1750	0.0267032883
721.000000	1853	0.0282749676
722.000000	2004	0.0305790799
723.000000	2051	0.0312962539
724.000000	2187	0.0333714809
725.000000	2398	0.0365911345
726.000000	2699	0.0411841001
727.000000	2348	0.0358281834
728.000000	3123	0.0476539254
729.000000	5690	0.0868238346
730.000000	10180	0.1553368429
731.000000	7034	0.1073319600
732.000000	1630	0.0248722057
733.000000	1607	0.0245212482
734.000000	1656	0.0252689403
735.000000	1644	0.0250858320
736.000000	1531	0.0233615625
737.000000	1623	0.0247653925
738.000000	1555	0.0237277790
739.000000	1508	0.0230106050
740.000000	1402	0.0213931487
741.000000	1494	0.0227969787
742.000000	1418	0.0216372930
743.000000	1543	0.0235446708
744.000000	1667	0.0254367895
745.000000	1392	0.0212405585
746.000000	1511	0.0230563821
747.000000	1464	0.0223392081
748.000000	1692	0.0258182650
749.000000	1426	0.0217593652
750.000000	1430	0.0218204013
751.000000	1652	0.0252079042
752.000000	1442	0.0220035096
753.000000	1541	0.0235141527
754.000000	1396	0.0213015946
755.000000	1681	0.0256504158
756.000000	1518	0.0231631952
757.000000	1409	0.0214999619
758.000000	1487	0.0226901656
759.000000	1325	0.0202182040
760.000000	1413	0.0215609979
761.000000	1365	0.0208285649
762.000000	1459	0.0222629129
763.000000	1291	0.0196993973
764.000000	1481	0.0225986114
765.000000	1268	0.0193484398
766.000000	1356	0.0206912337
767.000000	1455	0.0222018769
768.000000	1404	0.0214236667
769.000000	1524	0.0232547494
770.000000	1478	0.0225528344
771.000000	1295	0.0197604334
772.000000	1335	0.0203707942
773.000000	1406	0.0214541848
774.000000	1336	0.0203860533
775.000000	1325	0.0202182040
776.000000	1598	0.0243839170
777.000000	1367	0.0208590829
778.000000	1456	0.0222171359
779.000000	1545	0.0235751888
780.000000	1403	0.0214084077
781.000000	1521	0.0232089723
782.000000	1211	0.0184786755
783.000000	1381	0.0210727092
784.000000	1298	0.0198062104
785.000000	1478	0.0225528344
786.000000	1344	0.0205081254
787.000000	1430	0.0218204013
788.000000	1415	0.0215915160
789.000000	1600	0.0244144350
790.000000	1674	0.0255436027
791.000000	1519	0.0231784543
792.000000	1617	0.0246738384
793.000000	1439	0.0219577325
794.000000	1536	0.0234378576
795.000000	1338	0.0204165713
796.000000	1392	0.0212405585
797.000000	1370	0.0209048600
798.000000	1451	0.0221408408
799.000000	1360	0.0207522698
800.000000	1237	0.0188754101
801.000000	1431	0.0218356603
802.000000	1283	0.0195773251
803.000000	1451	0.0221408408
804.000000	1419	0.0216525521
805.000000	1479	0.0225680934
806.000000	1535	0.0234225986
807.000000	1457	0.0222323949
808.000000	1577	0.0240634775
809.000000	1218	0.0185854887
810.000000	1341	0.0204623484
811.000000	1277	0.0194857710
812.000000	1466	0.0223697261
813.000000	1361	0.0207675288
814.000000	1528	0.0233157855
815.000000	1616	0.0246585794
816.000000	1508	0.0230106050
817.000000	1488	0.0227054246
818.000000	1327	0.0202487221
819.000000	1454	0.0221866178
820.000000	1340	0.0204470893
821.000000	1618	0.0246890974
822.000000	1572	0.0239871824
823.000000	1485	0.0226596475
824.000000	1453	0.0221713588
825.000000	1214	0.0185244526
826.000000	1667	0.0254367895
827.000000	1526	0.0232852674
828.000000	1661	0.0253452354
829.000000	1508	0.0230106050
830.000000	1637	0.0249790188
831.000000	1537	0.0234531167
832.000000	1421	0.0216830701
833.000000	1510	0.0230411231
834.000000	1465	0.0223544671
835.000000	1718	0.0262149996
836.000000	1356	0.0206912337
837.000000	1578	0.0240787366
838.000000	1542	0.0235294118
839.000000	1797	0.0274204623
840.000000	1328	0.0202639811
841.000000	1612	0.0245975433
842.000000	2403	0.0366674296
843.000000	3853	0.0587930114
844.000000	12359	0.1885862516
845.000000	38148	0.5821011673
846.000000	65535	1.0000000000
847.000000	64646	0.9864347295
848.000000	31809	0.4853742275
849.000000	5868	0.0895399405
850.000000	2284	0.0348516060
851.000000	1870	0.0285343709
852.000000	1526	0.0232852674
853.000000	1521	0.0232089723
854.000000	1576	0.0240482185
855.000000	1534	0.0234073396
856.000000	1571	0.0239719234
857.000000	1425	0.0217441062
858.000000	1470	0.0224307622
859.000000	1366	0.0208438239
860.000000	1519	0.0231784543
861.000000	1291	0.0196993973
862.000000	1465	0.0223544671
863.000000	1268	0.0193484398
864.000000	1351	0.0206149386
865.000000	1236	0.0188601511
866.000000	1208	0.0184328985
867.000000	1369	0.0208896010
868.000000	1275	0.0194552529
869.000000	1472	0.0224612802
870.000000	1287	0.0196383612
871.000000	1455	0.0222018769
872.000000	1530	0.0233463035
873.000000	1498	0.0228580148
874.000000	1563	0.0238498512
875.000000	1345	0.0205233845
876.000000	1477	0.0225375753
877.000000	1396	0.0213015946
878.000000	1461	0.0222934310
879.000000	1534	0.0234073396
880.000000	1600	0.0244144350
881.000000	1358	0.0207217517
882.000000	1270	0.0193789578
883.000000	1477	0.0225375753
884.000000	1515	0.0231174182
885.000000	1396	0.0213015946
886.000000	1426	0.0217593652
887.000000	1453	0.0221713588
888.000000	1397	0.0213168536
889.000000	1513	0.0230869001
890.000000	1548	0.0236209659
891.000000	1460	0.0222781720
892.000000	1344	0.0205081254
893.000000	1287	0.0196383612
894.000000	1455	0.0222018769
895.000000	1375	0.0209811551
896.000000	1485	0.0226596475
897.000000	1355	0.0206759747
898.000000	1574	0.0240177005
899.000000	1341	0.0204623484
900.000000	1353	0.0206454566
901.000000	1497	0.0228427558
902.000000	1366	0.0208438239
903.000000	1249	0.0190585183
904.000000	1252	0.0191042954
905.000000	1336	0.0203860533
906.000000	1573	0.0240024414
907.000000	1534	0.0234073396
908.000000	1340	0.0204470893
909.000000	1433	0.0218661784
910.000000	1545	0.0235751888
911.000000	1331	0.0203097581
912.000000	1507	0.0229953460
913.000000	1426	0.0217593652
914.000000	1423	0.0217135882
915.000000	1314	0.0200503548
916.000000	1485	0.0226596475
917.000000	1420	0.0216678111
918.000000	1241	0.0189364462
919.000000	1555	0.0237277790
920.000000	1349	0.0205844205
921.000000	1494	0.0227969787
922.000000	1395	0.0212863355
923.000000	1577	0.0240634775
924.000000	1522	0.0232242313
925.000000	1439	0.0219577325
926.000000	1388	0.0211795224
927.000000	1458	0.0222476539
928.000000	1547	0.0236057069
929.000000	1413	0.0215609979
930.000000	1549	0.0236362249
931.000000	1485	0.0226596475
932.000000	1334	0.0203555352
933.000000	1622	0.0247501335
934.000000	1447	0.0220798047
935.000000	1551	0.0236667430
936.000000	1338	0.0204165713
937.000000	1438	0.0219424735
938.000000	1377	0.0210116732
939.000000	1580	0.0241092546
940.000000	1555	0.0237277790
941.000000	1391	0.0212252995
942.000000	1572	0.0239871824
943.000000	1402	0.0213931487
944.000000	1462	0.0223086900
945.000000	1263	0.0192721447
946.000000	1553	0.0236972610
947.000000	1298	0.0198062104
948.000000	1391	0.0212252995
949.000000	1387	0.0211642634
950.000000	1471	0.0224460212
951.000000	1638	0.0249942779
952.000000	1278	0.0195010300
953.000000	1558	0.0237735561
954.000000	1364	0.0208133059
955.000000	1596	0.0243533989
956.000000	5251	0.0801251240
957.000000	35667	0.5442435340
958.000000	27958	0.4266117342
959.000000	15915	0.2428473335
960.000000	11598	0.1769741360
961.000000	9094	0.1387655451
962.000000	6566	0.1001907378
963.000000	2622	0.0400091554
964.000000	1443	0.0220187686
965.000000	1579	0.0240939956
966.000000	1466	0.0223697261
967.000000	1407	0.0214694438
968.000000	1334	0.0203555352
969.000000	1458	0.0222476539
970.000000	1304	0.0198977646
971.000000	1576	0.0240482185
972.000000	1239	0.0189059281
973.000000	1628	0.0248416876
974.000000	1384	0.0211184863
975.000000	1477	0.0225375753
976.000000	1532	0.0233768215
977.000000	1480	0.0225833524
978.000000	1504	0.0229495689
979.000000	1325	0.0202182040
980.000000	1434	0.0218814374
981.000000	1564	0.0238651102
982.000000	1349	0.0205844205
983.000000	1475	0.0225070573
984.000000	1440	0.0219729915
985.000000	1575	0.0240329595
986.000000	1401	0.0213778897
987.000000	1408	0.0214847028
988.000000	1364	0.0208133059
989.000000	1277	0.0194857710
990.000000	1464	0.0223392081
991.000000	1262	0.0192568856
992.000000	1465	0.0223544671
993.000000	1407	0.0214694438
994.000000	1553	0.0236972610
995.000000	1424	0.0217288472
996.000000	1799	0.0274509804
997.000000	1291	0.0196993973
998.000000	1415	0.0215915160
999.000000	1466	0.0223697261
1000.000000	1533	0.0233920806
1001.000000	1603	0.0244602121
1002.000000	1361	0.0207675288
1003.000000	1554	0.0237125200
1004.000000	1358	0.0207217517
1005.000000	1538	0.0234683757
1006.000000	1430	0.0218204013
1007.000000	1477	0.0225375753
1008.000000	1558	0.0237735561
1009.000000	2370	0.0361638819
1010.000000	19960	0.3045700771
1011.000000	30221	0.4611429007
1012.000000	23536	0.3591363394
1013.000000	15080	0.2301060502
1014.000000	9700	0.1480125124
1015.000000	7290	0.1112382696
1016.000000	5704	0.0870374609
1017.000000	5221	0.0796673533
1018.000000	3710	0.0566109712
1019.000000	2286	0.0348821241
1020.000000	1511	0.0230563821
1021.000000	1475	0.0225070573
1022.000000	1283	0.0195773251
1023.000000	1486	0.0226749065
1024.000000	1517	0.0231479362
1025.000000	1586	0.0242008087
1026.000000	1647	0.0251316091
1027.000000	1407	0.0214694438
1028.000000	1635	0.0249485008
1029.000000	1258	0.0191958495
1030.000000	1539	0.0234836347
1031.000000	1381	0.0210727092
1032.000000	1401	0.0213778897
1033.000000	1361	0.0207675288
1034.000000	1525	0.0232700084
1035.000000	1386	0.0211490043
1036.000000	1306	0.0199282826
1037.000000	1593	0.0243076219
1038.000000	1211	0.0184786755
1039.000000	1526	0.0232852674
1040.000000	2365	0.0360875868
1041.000000	2200	0.0335698482
1042.000000	2495	0.0380712596
1043.000000	1885	0.0287632563
1044.000000	1880	0.0286869612
1045.000000	1543	0.0235446708
1046.000000	1637	0.0249790188
1047.000000	1479	0.0225680934
1048.000000	1417	0.0216220340
1049.000000	1351	0.0206149386
1050.000000	1385	0.0211337453
1051.000000	1554	0.0237125200
1052.000000	1528	0.0233157855
1053.000000	1468	0.0224002441
1054.000000	1321	0.0201571679
1055.000000	1429	0.0218051423
1056.000000	1333	0.0203402762
1057.000000	1296	0.0197756924
1058.000000	1475	0.0225070573
1059.000000	1391	0.0212252995
1060.000000	1548	0.0236209659
1061.000000	1404	0.0214236667
1062.000000	1464	0.0223392081
1063.000000	1203	0.0183566033
1064.000000	1290	0.0196841382
1065.000000	1339	0.0204318303
1066.000000	1368	0.0208743420
1067.000000	1424	0.0217288472
1068.000000	1336	0.0203860533
1069.000000	1395	0.0212863355
1070.000000	1300	0.0198367285
1071.000000	1563	0.0238498512
1072.000000	1197	0.0182650492
1073.000000	1308	0.0199588006
1074.000000	1603	0.0244602121
1075.000000	1642	0.0250553140
1076.000000	1334	0.0203555352
1077.000000	1284	0.0195925841
1078.000000	1367	0.0208590829
1079.000000	1332	0.0203250172
1080.000000	1399	0.0213473716
1081.000000	1174	0.0179140917
1082.000000	1328	0.0202639811
1083.000000	1317	0.0200961318
1084.000000	1392	0.0212405585
1085.000000	1301	0.0198519875
1086.000000	1355	0.0206759747
1087.000000	1468	0.0224002441
1088.000000	1309	0.0199740597
1089.000000	1308	0.0199588006
1090.000000	1448	0.0220950637
1091.000000	1317	0.0200961318
1092.000000	1443	0.0220187686
1093.000000	1345	0.0205233845
1094.000000	1564	0.0238651102
1095.000000	1300	0.0198367285
1096.000000	1529	0.0233310445
1097.000000	1359	0.0207370108
1098.000000	1356	0.0206912337
1099.000000	1351	0.0206149386
1100.000000	1261	0.0192416266
1101.000000	1424	0.0217288472
1102.000000	1211	0.0184786755
1103.000000	1640	0.0250247959
1104.000000	1254	0.0191348135
1105.000000	1607	0.0245212482
1106.000000	1269	0.0193636988
1107.000000	1526	0.0232852674
1108.000000	1407	0.0214694438
1109.000000	1372	0.0209353780
1110.000000	1394	0.0212710765
1111.000000	1364	0.0208133059
1112.000000	1551	0.0236667430
1113.000000	1325	0.0202182040
1114.000000	1453	0.0221713588
1115.000000	1425	0.0217441062
1116.000000	1461	0.0222934310
1117.000000	1554	0.0237125200
1118.000000	1248	0.0190432593
1119.000000	1440	0.0219729915
1120.000000	1348	0.0205691615
1121.000000	1537	0.0234531167
1122.000000	1237	0.0188754101
1123.000000	1408	0.0214847028
1124.000000	1434	0.0218814374
1125.000000	1484	0.0226443885
1126.000000	1473	0.0224765393
1127.000000	1232	0.0187991150
1128.000000	1445	0.0220492866
1129.000000	1345	0.0205233845
1130.000000	1373	0.0209506371
1131.000000	1217	0.0185702296
1132.000000	1488	0.0227054246
1133.000000	1507	0.0229953460
1134.000000	1232	0.0187991150
1135.000000	1360	0.0207522698
1136.000000	1399	0.0213473716
1137.000000	1585	0.0241855497
1138.000000	1343	0.0204928664
1139.000000	1528	0.0233157855
1140.000000	1391	0.0212252995
1141.000000	1436	0.0219119554
1142.000000	1494	0.0227969787
1143.000000	1396	0.0213015946
1144.000000	1399	0.0213473716
1145.000000	1309	0.0199740597
1146.000000	1429	0.0218051423
1147.000000	1202	0.0183413443
1148.000000	1319	0.0201266499
1149.000000	1429	0.0218051423
1150.000000	1252	0.0191042954
1151.000000	1373	0.0209506371
1152.000000	1536	0.0234378576
1153.000000	1594	0.0243228809
1154.000000	1339	0.0204318303
1155.000000	1394	0.0212710765
1156.000000	1325	0.0202182040
1157.000000	1540	0.0234988937
1158.000000	1431	0.0218356603
1159.000000	1322	0.0201724269
1160.000000	1369	0.0208896010
1161.000000	1187	0.0181124590
1162.000000	1340	0.0204470893
1163.000000	1178	0.0179751278
1164.000000	1273	0.0194247349
1165.000000	1331	0.0203097581
1166.000000	1439	0.0219577325
1167.000000	1139	0.0173800259
1168.000000	1237	0.0188754101
1169.000000	1369	0.0208896010
1170.000000	1370	0.0209048600
1171.000000	1418	0.0216372930
1172.000000	1394	0.0212710765
1173.000000	1517	0.0231479362
1174.000000	1518	0.0231631952
1175.000000	1405	0.0214389258
1176.000000	1445	0.0220492866
1177.000000	1358	0.0207217517
1178.000000	1504	0.0229495689
1179.000000	1255	0.0191500725
1180.000000	1453	0.0221713588
1181.000000	1254	0.0191348135
1182.000000	1400	0.0213626307
1183.000000	1295	0.0197604334
1184.000000	1413	0.0215609979
1185.000000	1325	0.0202182040
1186.000000	1394	0.0212710765
1187.000000	1289	0.0196688792
1188.000000	1162	0.0177309834
1189.000000	1421	0.0216830701
1190.000000	1292	0.0197146563
1191.000000	1418	0.0216372930
1192.000000	1488	0.0227054246
1193.000000	1548	0.0236209659
1194.000000	1583	0.0241550317
1195.000000	1323	0.0201876860
1196.000000	1370	0.0209048600
1197.000000	1195	0.0182345312
1198.000000	1465	0.0223544671
1199.000000	1122	0.0171206226
1200.000000	1180	0.0180056458
1201.000000	1426	0.0217593652
1202.000000	1338	0.0204165713
1203.000000	1481	0.0225986114
1204.000000	1264	0.0192874037
1205.000000	1369	0.0208896010
1206.000000	1205	0.0183871214
1207.000000	1582	0.0241397726
1208.000000	1239	0.0189059281
1209.000000	1342	0.0204776074
1210.000000	1514	0.0231021592
1211.000000	1625	0.0247959106
1212.000000	1466	0.0223697261
1213.000000	1353	0.0206454566
1214.000000	1371	0.0209201190
1215.000000	1337	0.0204013123
1216.000000	1418	0.0216372930
1217.000000	1249	0.0190585183
1218.000000	1306	0.0199282826
1219.000000	1524	0.0232547494
1220.000000	1369	0.0208896010
1221.000000	1453	0.0221713588
1222.000000	1220	0.0186160067
1223.000000	1496	0.0228274968
1224.000000	1455	0.0222018769
1225.000000	1218	0.0185854887
1226.000000	1484	0.0226443885
1227.000000	1247	0.0190280003
1228.000000	1534	0.0234073396
1229.000000	1278	0.0195010300
1230.000000	1535	0.0234225986
1231.000000	1222	0.0186465248
1232.000000	1447	0.0220798047
1233.000000	1364	0.0208133059
1234.000000	1379	0.0210421912
1235.000000	1438	0.0219424735
1236.000000	1301	0.0198519875
1237.000000	1562	0.0238345922
1238.000000	1352	0.0206301976
1239.000000	1646	0.0251163500
1240.000000	1267	0.0193331807
1241.000000	1270	0.0193789578
1242.000000	1299	0.0198214694
1243.000000	1428	0.0217898833
1244.000000	1557	0.0237582971
1245.000000	1316	0.0200808728
1246.000000	1626	0.0248111696
1247.000000	1435	0.0218966964
1248.000000	1399	0.0213473716
1249.000000	1326	0.0202334630
1250.000000	1202	0.0183413443
1251.000000	1246	0.0190127413
1252.000000	1330	0.0202944991
1253.000000	1515	0.0231174182
1254.000000	1567	0.0239108873
1255.000000	1524	0.0232547494
1256.000000	1357	0.0207064927
1257.000000	1485	0.0226596475
1258.000000	1355	0.0206759747
1259.000000	1275	0.0194552529
1260.000000	1582	0.0241397726
1261.000000	1351	0.0206149386
1262.000000	1621	0.0247348745
1263.000000	1253	0.0191195544
1264.000000	1192	0.0181887541
1265.000000	1051	0.0160372320
1266.000000	1353	0.0206454566
1267.000000	1341	0.0204623484
1268.000000	1325	0.0202182040
1269.000000	1537	0.0234531167
1270.000000	1392	0.0212405585
1271.000000	1501	0.0229037919
1272.000000	1449	0.0221103227
1273.000000	1276	0.0194705119
1274.000000	1423	0.0217135882
1275.000000	1339	0.0204318303
1276.000000	1430	0.0218204013
1277.000000	1342	0.0204776074
1278.000000	1546	0.0235904479
1279.000000	1493	0.0227817197
1280.000000	1650	0.0251773861
1281.000000	1457	0.0222323949
1282.000000	1517	0.0231479362
1283.000000	1520	0.0231937133
1284.000000	1477	0.0225375753
1285.000000	1361	0.0207675288
1286.000000	1448	0.0220950637
1287.000000	1538	0.0234683757
1288.000000	1245	0.0189974823
1289.000000	1471	0.0224460212
1290.000000	1435	0.0218966964
1291.000000	1287	0.0196383612
1292.000000	1219	0.0186007477
1293.000000	1407	0.0214694438
1294.000000	1583	0.0241550317
1295.000000	1345	0.0205233845
1296.000000	1230	0.0187685969
1297.000000	1310	0.0199893187
1298.000000	1289	0.0196688792
1299.000000	1425	0.0217441062
1300.000000	1321	0.0201571679
1301.000000	1523	0.0232394903
1302.000000	1302	0.0198672465
1303.000000	1748	0.0266727703
1304.000000	1468	0.0224002441
1305.000000	1496	0.0228274968
1306.000000	1143	0.0174410620
1307.000000	1264	0.0192874037
1308.000000	1393	0.0212558175
1309.000000	1422	0.0216983291
1310.000000	1638	0.0249942779
1311.000000	1395	0.0212863355
1312.000000	1495	0.0228122377
1313.000000	1222	0.0186465248
1314.000000	1437	0.0219272145
1315.000000	1282	0.0195620661
1316.000000	1544	0.0235599298
1317.000000	1398	0.0213321126
1318.000000	1321	0.0201571679
1319.000000	1415	0.0215915160
1320.000000	1309	0.0199740597
1321.000000	1367	0.0208590829
1322.000000	1431	0.0218356603
1323.000000	1329	0.0202792401
1324.000000	1488	0.0227054246
1325.000000	1553	0.0236972610
1326.000000	1123	0.0171358816
1327.000000	1353	0.0206454566
1328.000000	1449	0.0221103227
1329.000000	1168	0.0178225376
1330.000000	1535	0.0234225986
1331.000000	1482	0.0226138705
1332.000000	1505	0.0229648280
1333.000000	1517	0.0231479362
1334.000000	1559	0.0237888151
1335.000000	1561	0.0238193332
1336.000000	1251	0.0190890364
1337.000000	1667	0.0254367895
1338.000000	1250	0.0190737774
1339.000000	1530	0.0233463035
1340.000000	1328	0.0202639811
1341.000000	1498	0.0228580148
1342.000000	1380	0.0210574502
1343.000000	1439	0.0219577325
1344.000000	1389	0.0211947814
1345.000000	1388	0.0211795224
1346.000000	1548	0.0236209659
1347.000000	1387	0.0211642634
1348.000000	1616	0.0246585794
1349.000000	1402	0.0213931487
1350.000000	1419	0.0216525521
1351.000000	1338	0.0204165713
1352.000000	1370	0.0209048600
1353.000000	1618	0.0246890974
1354.000000	1274	0.0194399939
1355.000000	1513	0.0230869001
1356.000000	1471	0.0224460212
1357.000000	1506	0.0229800870
1358.000000	1289	0.0196688792
1359.000000	1328	0.0202639811
1360.000000	1688	0.0257572290
1361.000000	1303	0.0198825055
1362.000000	1537	0.0234531167
1363.000000	1367	0.0208590829
1364.000000	1401	0.0213778897
1365.000000	1240	0.0189211872
1366.000000	1331	0.0203097581
1367.000000	1269	0.0193636988
1368.000000	1177	0.0179598688
1369.000000	1340	0.0204470893
1370.000000	1360	0.0207522698
1371.000000	1372	0.0209353780
1372.000000	1142	0.0174258030
1373.000000	1511	0.0230563821
1374.000000	1316	0.0200808728
1375.000000	1561	0.0238193332
1376.000000	1664	0.0253910124
1377.000000	1396	0.0213015946
1378.000000	1622	0.0247501335
1379.000000	1263	0.0192721447
1380.000000	1394	0.0212710765
1381.000000	1278	0.0195010300
1382.000000	1272	0.0194094759
1383.000000	1389	0.0211947814
1384.000000	1462	0.0223086900
1385.000000	1572	0.0239871824
1386.000000	1366	0.0208438239
1387.000000	1563	0.0238498512
1388.000000	1338	0.0204165713
1389.000000	1635	0.0249485008
1390.000000	1293	0.0197299153
1391.000000	1594	0.0243228809
1392.000000	1303	0.0198825055
1393.000000	1289	0.0196688792
1394.000000	1408	0.0214847028
1395.000000	1224	0.0186770428
1396.000000	1387	0.0211642634
1397.000000	1384	0.0211184863
1398.000000	1417	0.0216220340
1399.000000	1285	0.0196078431
1400.000000	1376	0.0209964141
1401.000000	1400	0.0213626307
1402.000000	1365	0.0208285649
1403.000000	1347	0.0205539025
1404.000000	1395	0.0212863355
1405.000000	1489	0.0227206836
1406.000000	1362	0.0207827878
1407.000000	1413	0.0215609979
1408.000000	1345	0.0205233845
1409.000000	1449	0.0221103227
1410.000000	1474	0.0224917983
1411.000000	1296	0.0197756924
1412.000000	1634	0.0249332418
1413.000000	1369	0.0208896010
1414.000000	1419	0.0216525521
1415.000000	1387	0.0211642634
1416.000000	1355	0.0206759747
1417.000000	1260	0.0192263676
1418.000000	1242	0.0189517052
1419.000000	1579	0.0240939956
1420.000000	1343	0.0204928664
1421.000000	1435	0.0218966964
1422.000000	1313	0.0200350958
1423.000000	1303	0.0198825055
1424.000000	1371	0.0209201190
1425.000000	1482	0.0226138705
1426.000000	1240	0.0189211872
1427.000000	1346	0.0205386435
1428.000000	1430	0.0218204013
1429.000000	1405	0.0214389258
1430.000000	1525	0.0232700084
1431.000000	1500	0.0228885328
1432.000000	1500	0.0228885328
1433.000000	1082	0.0165102617
1434.000000	1397	0.0213168536
1435.000000	1503	0.0229343099
1436.000000	1416	0.0216067750
1437.000000	1324	0.0202029450
1438.000000	1297	0.0197909514
1439.000000	1296	0.0197756924
1440.000000	1348	0.0205691615
1441.000000	1545	0.0235751888
1442.000000	1472	0.0224612802
1443.000000	1344	0.0205081254
1444.000000	1388	0.0211795224
1445.000000	1126	0.0171816587
1446.000000	1359	0.0207370108
1447.000000	1066	0.0162661173
1448.000000	1671	0.0254978256
1449.000000	1240	0.0189211872
1450.000000	1430	0.0218204013
1451.000000	1536	0.0234378576
1452.000000	1263	0.0192721447
1453.000000	1483	0.0226291295
1454.000000	1381	0.0210727092
1455.000000	1234	0.0188296330
1456.000000	1433	0.0218661784
1457.000000	1451	0.0221408408
1458.000000	1501	0.0229037919
1459.000000	1289	0.0196688792
1460.000000	1293	0.0197299153
1461.000000	1327	0.0202487221
1462.000000	1427	0.0217746242
1463.000000	1147	0.0175020981
1464.000000	1475	0.0225070573
1465.000000	1311	0.0200045777
1466.000000	1311	0.0200045777
1467.000000	1243	0.0189669642
1468.000000	1304	0.0198977646
1469.000000	1420	0.0216678111
1470.000000	1426	0.0217593652
1471.000000	1640	0.0250247959
1472.000000	1593	0.0243076219
1473.000000	1572	0.0239871824
1474.000000	1421	0.0216830701
1475.000000	1348	0.0205691615
1476.000000	1386	0.0211490043
1477.000000	1252	0.0191042954
1478.000000	1433	0.0218661784
1479.000000	1317	0.0200961318
1480.000000	1426	0.0217593652
1481.000000	1362	0.0207827878
1482.000000	1299	0.0198214694
1483.000000	1225	0.0186923018
1484.000000	1371	0.0209201190
1485.000000	1380	0.0210574502
1486.000000	1146	0.0174868391
1487.000000	1292	0.0197146563
1488.000000	1446	0.0220645457
1489.000000	1161	0.0177157244
1490.000000	1299	0.0198214694
1491.000000	1397	0.0213168536
1492.000000	1352	0.0206301976
1493.000000	1484	0.0226443885
1494.000000	1421	0.0216830701
1495.000000	1345	0.0205233845
1496.000000	1514	0.0231021592
1497.000000	1356	0.0206912337
1498.000000	1259	0.0192111086
1499.000000	1185	0.0180819409
1500.000000	1424	0.0217288472
1501.000000	1451	0.0221408408
1502.000000	1570	0.0239566644
1503.000000	1539	0.0234836347
1504.000000	1335	0.0203707942
1505.000000	1650	0.0251773861
1506.000000	1337	0.0204013123
1507.000000	1233	0.0188143740
1508.000000	1293	0.0197299153
1509.000000	1264	0.0192874037
1510.000000	1373	0.0209506371
1511.000000	1474	0.0224917983
1512.000000	1184	0.0180666819
1513.000000	1095	0.0167086290
1514.000000	1267	0.0193331807
1515.000000	1190	0.0181582361
1516.000000	1535	0.0234225986
1517.000000	1418	0.0216372930
1518.000000	1278	0.0195010300
1519.000000	1385	0.0211337453
1520.000000	1331	0.0203097581
1521.000000	1470	0.0224307622
1522.000000	1296	0.0197756924
1523.000000	1696	0.0258793011
1524.000000	1361	0.0207675288
1525.000000	1462	0.0223086900
1526.000000	1334	0.0203555352
1527.000000	1273	0.0194247349
1528.000000	1256	0.0191653315
1529.000000	1121	0.0171053635
1530.000000	1281	0.0195468070
1531.000000	1206	0.0184023804
1532.000000	1545	0.0235751888
1533.000000	1438	0.0219424735
1534.000000	1478	0.0225528344
1535.000000	1368	0.0208743420
1536.000000	1268	0.0193484398
1537.000000	1482	0.0226138705
1538.000000	1414	0.0215762570
1539.000000	1631	0.0248874647
1540.000000	1513	0.0230869001
1541.000000	1214	0.0185244526
1542.000000	1257	0.0191805905
1543.000000	1291	0.0196993973
1544.000000	1221	0.0186312657
1545.000000	1331	0.0203097581
1546.000000	1513	0.0230869001
1547.000000	1186	0.0180972000
1548.000000	1316	0.0200808728
1549.000000	1173	0.0178988327
1550.000000	1156	0.0176394293
1551.000000	1194	0.0182192721
1552.000000	1361	0.0207675288
1553.000000	1464	0.0223392081
1554.000000	1408	0.0214847028
1555.000000	1553	0.0236972610
1556.000000	1437	0.0219272145
1557.000000	1463	0.0223239490
1558.000000	1112	0.0169680323
1559.000000	1420	0.0216678111
1560.000000	1354	0.0206607156
1561.000000	1335	0.0203707942
1562.000000	1601	0.0244296941
1563.000000	1308	0.0199588006
1564.000000	1265	0.0193026627
1565.000000	1088	0.0166018158
1566.000000	1509	0.0230258640
1567.000000	1468	0.0224002441
1568.000000	1193	0.0182040131
1569.000000	1436	0.0219119554
1570.000000	1235	0.0188448920
1571.000000	1525	0.0232700084
1572.000000	1268	0.0193484398
1573.000000	1474	0.0224917983
1574.000000	1264	0.0192874037
1575.000000	1552	0.0236820020
1576.000000	1450	0.0221255818
1577.000000	1310	0.0199893187
1578.000000	1385	0.0211337453
1579.000000	1351	0.0206149386
1580.000000	1342	0.0204776074
1581.000000	1379	0.0210421912
1582.000000	1412	0.0215457389
1583.000000	1286	0.0196231022
1584.000000	1282	0.0195620661
1585.000000	1364	0.0208133059
1586.000000	1379	0.0210421912
1587.000000	1421	0.0216830701
1588.000000	1340	0.0204470893
1589.000000	1282	0.0195620661
1590.000000	1546	0.0235904479
1591.000000	1269	0.0193636988
1592.000000	1338	0.0204165713
1593.000000	1361	0.0207675288
1594.000000	1464	0.0223392081
1595.000000	1247	0.0190280003
1596.000000	1245	0.0189974823
1597.000000	1287	0.0196383612
1598.000000	1488	0.0227054246
1599.000000	1223	0.0186617838
1600.000000	1465	0.0223544671
1601.000000	1542	0.0235294118
1602.000000	1520	0.0231937133
1603.000000	1570	0.0239566644
1604.000000	1324	0.0202029450
1605.000000	1437	0.0219272145
1606.000000	1200	0.0183108263
1607.000000	1592	0.0242923629
1608.000000	1313	0.0200350958
1609.000000	1488	0.0227054246
1610.000000	1307	0.0199435416
1611.000000	1501	0.0229037919
1612.000000	1314	0.0200503548
1613.000000	1372	0.0209353780
1614.000000	1387	0.0211642634
1615.000000	1239	0.0189059281
1616.000000	1385	0.0211337453
1617.000000	1393	0.0212558175
1618.000000	1444	0.0220340276
1619.000000	1454	0.0221866178
1620.000000	1287	0.0196383612
1621.000000	1361	0.0207675288
1622.000000	1158	0.0176699474
1623.000000	1425	0.0217441062
1624.000000	1189	0.0181429770
1625.000000	1362	0.0207827878
1626.000000	1425	0.0217441062
1627.000000	1328	0.0202639811
1628.000000	1618	0.0246890974
1629.000000	1069	0.0163118944
1630.000000	1448	0.0220950637
1631.000000	1269	0.0193636988
1632.000000	1481	0.0225986114
1633.000000	1127	0.0171969177
1634.000000	1353	0.0206454566
1635.000000	1235	0.0188448920
1636.000000	1312	0.0200198367
1637.000000	1356	0.0206912337
1638.000000	1190	0.0181582361
1639.000000	1357	0.0207064927
1640.000000	1255	0.0191500725
1641.000000	1409	0.0214999619
1642.000000	1338	0.0204165713
1643.000000	1474	0.0224917983
1644.000000	1485	0.0226596475
1645.000000	1257	0.0191805905
1646.000000	1442	0.0220035096
1647.000000	1275	0.0194552529
1648.000000	1280	0.0195315480
1649.000000	1428	0.0217898833
1650.000000	1372	0.0209353780
1651.000000	1454	0.0221866178
1652.000000	1289	0.0196688792
1653.000000	1315	0.0200656138
1654.000000	1174	0.0179140917
1655.000000	1331	0.0203097581
1656.000000	1411	0.0215304799
1657.000000	1480	0.0225833524
1658.000000	1454	0.0221866178
1659.000000	1474	0.0224917983
1660.000000	1565	0.0238803693
1661.000000	1387	0.0211642634
1662.000000	1474	0.0224917983
1663.000000	1479	0.0225680934
1664.000000	1392	0.0212405585
1665.000000	1303	0.0198825055
1666.000000	1457	0.0222323949
1667.000000	1379	0.0210421912
1668.000000	1296	0.0197756924
1669.000000	1525	0.0232700084
1670.000000	1280	0.0195315480
1671.000000	1505	0.0229648280
1672.000000	1102	0.0168154421
1673.000000	1428	0.0217898833
1674.000000	1320	0.0201419089
1675.000000	1373	0.0209506371
1676.000000	1459	0.0222629129
1677.000000	1270	0.0193789578
1678.000000	1590	0.0242618448
1679.000000	1147	0.0175020981
1680.000000	1559	0.0237888151
1681.000000	1300	0.0198367285
1682.000000	1594	0.0243228809
1683.000000	1386	0.0211490043
1684.000000	1574	0.0240177005
1685.000000	1306	0.0199282826
1686.000000	1115	0.0170138094
1687.000000	1231	0.0187838560
1688.000000	1170	0.0178530556
1689.000000	1419	0.0216525521
1690.000000	1218	0.0185854887
1691.000000	1502	0.0229190509
1692.000000	1289	0.0196688792
1693.000000	1588	0.0242313268
1694.000000	1539	0.0234836347
1695.000000	1480	0.0225833524
1696.000000	1433	0.0218661784
1697.000000	1357	0.0207064927
1698.000000	1561	0.0238193332
1699.000000	1286	0.0196231022
1700.000000	1315	0.0200656138
1701.000000	1483	0.0226291295
1702.000000	1475	0.0225070573
1703.000000	1421	0.0216830701
1704.000000	1275	0.0194552529
1705.000000	1426	0.0217593652
1706.000000	1203	0.0183566033
1707.000000	1498	0.0228580148
1708.000000	1314	0.0200503548
1709.000000	1347	0.0205539025
1710.000000	1416	0.0216067750
1711.000000	1695	0.0258640421
1712.000000	1476	0.0225223163
1713.000000	1236	0.0188601511
1714.000000	1604	0.0244754711
1715.000000	1246	0.0190127413
1716.000000	1517	0.0231479362
1717.000000	1338	0.0204165713
1718.000000	1351	0.0206149386
1719.000000	1441	0.0219882506
1720.000000	1354	0.0206607156
1721.000000	1333	0.0203402762
1722.000000	1154	0.0176089113
1723.000000	1253	0.0191195544
1724.000000	1311	0.0200045777
1725.000000	1470	0.0224307622
1726.000000	1354	0.0206607156
1727.000000	1283	0.0195773251
1728.000000	1547	0.0236057069
1729.000000	1458	0.0222476539
1730.000000	1666	0.0254215305
1731.000000	1079	0.0164644846
1732.000000	1718	0.0262149996
1733.000000	1491	0.0227512016
1734.000000	1332	0.0203250172
1735.000000	1443	0.0220187686
1736.000000	1382	0.0210879683
1737.000000	1619	0.0247043565
1738.000000	1461	0.0222934310
1739.000000	1393	0.0212558175
1740.000000	1299	0.0198214694
1741.000000	1459	0.0222629129
1742.000000	1093	0.0166781109
1743.000000	1507	0.0229953460
1744.000000	1390	0.0212100404
1745.000000	1229	0.0187533379
1746.000000	1448	0.0220950637
1747.000000	1190	0.0181582361
1748.000000	1240	0.0189211872
1749.000000	1357	0.0207064927
1750.000000	1193	0.0182040131
1751.000000	1311	0.0200045777
1752.000000	1259	0.0192111086
1753.000000	1281	0.0195468070
1754.000000	1223	0.0186617838
1755.000000	1314	0.0200503548
1756.000000	1216	0.0185549706
1757.000000	1471	0.0224460212
1758.000000	1249	0.0190585183
1759.000000	1516	0.0231326772
1760.000000	1424	0.0217288472
1761.000000	1433	0.0218661784
1762.000000	1401	0.0213778897
1763.000000	1135	0.0173189899
1764.000000	1280	0.0195315480
1765.000000	1497	0.0228427558
1766.000000	1538	0.0234683757
1767.000000	1309	0.0199740597
1768.000000	1219	0.0186007477
1769.000000	1301	0.0198519875
1770.000000	1305	0.0199130236
1771.000000	1373	0.0209506371
1772.000000	1420	0.0216678111
1773.000000	1387	0.0211642634
1774.000000	1245	0.0189974823
1775.000000	1421	0.0216830701
1776.000000	1378	0.0210269322
1777.000000	1312	0.0200198367
1778.000000	1293	0.0197299153
1779.000000	1403	0.0214084077
1780.000000	1467	0.0223849851
1781.000000	1202	0.0183413443
1782.000000	1482	0.0226138705
1783.000000	1427	0.0217746242
1784.000000	1576	0.0240482185
1785.000000	1459	0.0222629129
1786.000000	1462	0.0223086900
1787.000000	1555	0.0237277790
1788.000000	1151	0.0175631342
1789.000000	1469	0.0224155032
1790.000000	1348	0.0205691615
1791.000000	1366	0.0208438239
1792.000000	1193	0.0182040131
